CODIGOCURSO,NOMBRECURSO
100,CURSO 100
101,CURSO 101
102,CURSO 102
103,CURSO 103
104,CURSO 104
105,CURSO 105
106,CURSO 106
107,CURSO 107
108,CURSO 108
109,CURSO 109
110,CURSO 110
111,CURSO 111
112,CURSO 112
113,CURSO 113
114,CURSO 114
115,CURSO 115
116,CURSO 116
117,CURSO 117
118,CURSO 118
119,CURSO 119
120,CURSO 120
121,CURSO 121
122,CURSO 122
123,CURSO 123
124,CURSO 124
125,CURSO 125
126,CURSO 126
127,CURSO 127
128,CURSO 128
129,CURSO 129
130,CURSO 130
131,CURSO 131
132,CURSO 132
133,CURSO 133
134,CURSO 134
135,CURSO 135
136,CURSO 136
137,CURSO 137
138,CURSO 138
139,CURSO 139
140,CURSO 140
141,CURSO 141
142,CURSO 142
143,CURSO 143
144,CURSO 144
145,CURSO 145
146,CURSO 146
147,CURSO 147
148,CURSO 148
149,CURSO 149
150,CURSO 150
